<?xml version="1.0" encoding="UTF-8"?>
<jcr:root xmlns:sling="http://sling.apache.org/jcr/sling/1.0" xmlns:cq="http://www.day.com/jcr/cq/1.0" xmlns:jcr="http://www.jcp.org/jcr/1.0" xmlns:nt="http://www.jcp.org/jcr/nt/1.0"
    jcr:primaryType="cq:Page">
    <clientlibs/>
    <global/>
    <fonts/>
    <jcr:content
        cq:lastModified="{Date}2014-07-01T09:54:56.886-03:00"
        cq:lastModifiedBy="admin"
        cq:template="/libs/wcm/core/templates/designpage"
        jcr:primaryType="cq:PageContent"
        jcr:title="Travel Lodges website Design"
        sling:resourceType="wcm/core/components/designer">
        <examplepage jcr:primaryType="nt:unstructured">
            <par
                jcr:lastModified="{Date}2012-06-20T16:30:12.800-07:00"
                jcr:lastModifiedBy="admin"
                jcr:primaryType="nt:unstructured"
                sling:resourceType="foundation/components/parsys"
                components="[group:General,group:Travel Lodges website]">
                <section jcr:primaryType="nt:unstructured"/>
            </par>
        </examplepage>
        <home jcr:primaryType="nt:unstructured">
            <globalFooter
                jcr:lastModified="{Date}2014-06-16T10:56:11.178-03:00"
                jcr:lastModifiedBy="admin"
                jcr:primaryType="nt:unstructured"
                sling:resourceType="lodges/components/modules/GlobalFooter"
                disclaimerText="&lt;p style=&quot;font-family: tahoma, arial, helvetica, sans-serif; font-size: 12px;&quot;>© 1996-2014 National Geographic Society. All rights reserved. &lt;a href=&quot;http://www.nationalgeographic.com/community/privacy/&quot;>Privacy Policy&lt;/a>&lt;/p>&#xa;"
                headingLinkSectionOne="http://www.nationalgeographic.com/"
                headingLinkSectionTwo="http://travel.nationalgeographic.com/travel/"
                headingSectionOne="About Unique Lodges of The World"
                headingSectionTwo="National Geographic Travel"
                linksSectionOne="[&lt;p>&lt;a href=&quot;http://www.nationalgeographic.com/&quot;>Contact Us&lt;/a>&lt;/p>&#xa;&lt;p>&lt;a href=&quot;http://www.nationalgeographic.com/&quot;>Sitemap&lt;/a>&lt;/p>&#xa;&lt;p>&lt;a href=&quot;http://www.nationalgeographic.com/&quot;>Terms &amp;amp; Conditions&lt;/a>&lt;/p>&#xa;,&lt;p>&lt;a href=&quot;http://www.nationalgeographic.com/&quot;>Press Center&lt;/a>&lt;/p>&#xa;&lt;p>&lt;a href=&quot;http://www.nationalgeographic.com/&quot;>For Travel Agents&lt;/a>&lt;/p>&#xa;&lt;p>&lt;a href=&quot;http://www.nationalgeographic.com/&quot;>Lodge Members&lt;/a>&lt;/p>&#xa;]"
                linksSectionTwo="[&lt;p>&lt;a href=&quot;http://adventure.nationalgeographic.com/adventure/&quot;>Adventures&lt;/a>&lt;/p>&#xa;&lt;p>&lt;a href=&quot;http://www.nationalgeographic.com/&quot;>Lodges&lt;/a>&lt;/p>&#xa;&lt;p>&lt;a href=&quot;http://www.nationalgeographicexpeditions.com/why/ships&quot;>Ships&lt;/a>&lt;/p>&#xa;&lt;p>&lt;a href=&quot;http://www.nationalgeographic.com/&quot;>Custom Trips&lt;/a>&lt;/p>&#xa;,&lt;p>&lt;a href=&quot;http://www.nationalgeographicexpeditions.com/&quot;>Expeditions&lt;/a>&lt;/p>&#xa;&lt;ul>&#xa;&lt;li>&lt;a href=&quot;http://www.nationalgeographicexpeditions.com/triptypes/student&quot;>Student&lt;/a>&lt;/li>&#xa;&lt;li>&lt;a href=&quot;http://www.nationalgeographicexpeditions.com/triptypes/photography&quot;>Photography&lt;/a>&lt;/li>&#xa;&lt;li>&lt;a href=&quot;http://www.nationalgeographicexpeditions.com/triptypes/family&quot;>Family&lt;/a>&lt;/li>&#xa;&lt;/ul>&#xa;]"
                socialLinks="[{&quot;socialField&quot;:&quot;facebook&quot;\,&quot;url&quot;:&quot;https://www.facebook.com/natgeotravel&quot;},{&quot;socialField&quot;:&quot;twitter&quot;\,&quot;url&quot;:&quot;https://twitter.com/natgeotravel&quot;},{&quot;socialField&quot;:&quot;instagram&quot;\,&quot;url&quot;:&quot;http://instagram.com/natgeotravel/&quot;},{&quot;socialField&quot;:&quot;pinterest&quot;\,&quot;url&quot;:&quot;http://www.pinterest.com/natgeotravel/&quot;},{&quot;socialField&quot;:&quot;google&quot;\,&quot;url&quot;:&quot;https://plus.google.com/u/0/+NatGeoTravel/about&quot;},{&quot;socialField&quot;:&quot;tumblr&quot;\,&quot;url&quot;:&quot;http://natgeotravel.tumblr.com/&quot;}]"/>
            <footer
                jcr:lastModified="{Date}2014-06-13T17:47:39.164-03:00"
                jcr:lastModifiedBy="admin"
                jcr:primaryType="nt:unstructured"
                sling:resourceType="foundation/components/iparsys"
                components="[group:Columns,group:Travel Lodges website]">
                <section jcr:primaryType="nt:unstructured"/>
                <colctrl
                    jcr:lastModified="{Date}2014-06-13T18:02:21.332-03:00"
                    jcr:lastModifiedBy="admin"
                    jcr:primaryType="nt:unstructured"
                    sling:resourceType="foundation/components/parsys/colctrl"
                    layouts="2;cq-colctrl-lt0&#x9;2 Columns (50%, 50%)&#xa;2;cq-colctrl-lt1&#x9;2 Columns (75%, 25%)&#xa;2;cq-colctrl-lt2&#x9;2 Columns (25%, 75%)&#xa;3;cq-colctrl-lt3&#x9;3 Columns (25%, 50%, 25%)&#xa;3;cq-colctrl-lt4&#x9;3 Columns (50%, 25%, 25%)&#xa;3;cq-colctrl-lt5&#x9;3 Columns (25%, 25%, 50%)&#xa;4;cq-colctrl-lt6&#x9;4 Columns (25%, 25%, 25%, 25%)"/>
                <col_end14026933413490
                    jcr:primaryType="nt:unstructured"
                    sling:resourceType="foundation/components/parsys/colctrl"
                    controlType="end"/>
            </footer>
            <mainContent
                jcr:lastModified="{Date}2014-06-13T18:57:00.788-03:00"
                jcr:lastModifiedBy="admin"
                jcr:primaryType="nt:unstructured"
                sling:resourceType="foundation/components/parsys"
                components="[group:General,group:Columns,group:Travel,group:Travel Lodges website]">
                <section jcr:primaryType="nt:unstructured"/>
                <colctrl
                    jcr:lastModified="{Date}2014-06-13T18:05:02.625-03:00"
                    jcr:lastModifiedBy="admin"
                    jcr:primaryType="nt:unstructured"
                    sling:resourceType="foundation/components/parsys/colctrl"
                    layouts="2;cq-colctrl-lt0&#x9;2 Columns (50%, 50%)&#xa;2;cq-colctrl-lt1&#x9;2 Columns (75%, 25%)&#xa;2;cq-colctrl-lt2&#x9;2 Columns (25%, 75%)&#xa;3;cq-colctrl-lt3&#x9;3 Columns (25%, 50%, 25%)&#xa;3;cq-colctrl-lt4&#x9;3 Columns (50%, 25%, 25%)&#xa;3;cq-colctrl-lt5&#x9;3 Columns (25%, 25%, 50%)&#xa;4;cq-colctrl-lt6&#x9;4 Columns (25%, 25%, 25%, 25%)"/>
                <col_end14026935026380
                    jcr:primaryType="nt:unstructured"
                    sling:resourceType="foundation/components/parsys/colctrl"
                    controlType="end"/>
                <HeroCarousel
                    jcr:lastModified="{Date}2014-06-26T18:17:49.307-03:00"
                    jcr:lastModifiedBy="admin"
                    jcr:primaryType="nt:unstructured"
                    sling:resourceType="lodges/components/modules/HeroCarousel"
                    cssselector="hero"
                    titlefield="text1"/>
            </mainContent>
            <lodgesfooter
                jcr:lastModified="{Date}2014-06-16T10:17:52.936-03:00"
                jcr:lastModifiedBy="admin"
                jcr:primaryType="nt:unstructured"
                sling:resourceType="foundation/components/iparsys"
                components="group:General">
                <section jcr:primaryType="nt:unstructured"/>
            </lodgesfooter>
            <globalNavigation
                jcr:lastModified="{Date}2014-06-16T17:46:46.297-03:00"
                jcr:lastModifiedBy="admin"
                jcr:primaryType="nt:unstructured"
                sling:resourceType="lodges/components/modules/GlobalNavigation"
                headingImageSectionOne="/content/dam/lodges/logo.jpg"
                headingLinkSectionOne="http://www.nationalgeographic.com"
                headingLinkSectionThree="http://travel.nationalgeographic.com/travel/"
                headingOptionsListSectionOne="2"
                headingOptionsListSectionThree="1"
                headingOptionsListSectionTwo="1"
                headingSectionThree="Unique Lodges of the World"
                headingSectionTwo="Travel"
                linksSectionOne="[{&quot;textField&quot;:&quot;National Geographic Home&quot;\,&quot;url&quot;:&quot;http://www.nationalgeographic.com/&quot;\,&quot;altText&quot;:&quot;&quot;\,&quot;icon&quot;:&quot;&quot;\,&quot;show&quot;:&quot;1&quot;},{&quot;textField&quot;:&quot;Video&quot;\,&quot;url&quot;:&quot;http://video.nationalgeographic.com/&quot;\,&quot;altText&quot;:&quot;&quot;\,&quot;icon&quot;:&quot;&quot;\,&quot;show&quot;:&quot;1&quot;},{&quot;textField&quot;:&quot;Photography&quot;\,&quot;url&quot;:&quot;http://photography.nationalgeographic.com/photography/&quot;\,&quot;altText&quot;:&quot;&quot;\,&quot;icon&quot;:&quot;&quot;\,&quot;show&quot;:&quot;1&quot;},{&quot;textField&quot;:&quot;Animals&quot;\,&quot;url&quot;:&quot;http://animals.nationalgeographic.com/animals/&quot;\,&quot;altText&quot;:&quot;&quot;\,&quot;icon&quot;:&quot;&quot;\,&quot;show&quot;:&quot;1&quot;},{&quot;textField&quot;:&quot;Enviroment&quot;\,&quot;url&quot;:&quot;http://environment.nationalgeographic.com/environment/&quot;\,&quot;altText&quot;:&quot;&quot;\,&quot;icon&quot;:&quot;&quot;\,&quot;show&quot;:&quot;1&quot;},{&quot;textField&quot;:&quot;Travel&quot;\,&quot;url&quot;:&quot;http://travel.nationalgeographic.com/travel/&quot;\,&quot;altText&quot;:&quot;&quot;\,&quot;icon&quot;:&quot;&quot;\,&quot;show&quot;:&quot;1&quot;},{&quot;textField&quot;:&quot;Adventure&quot;\,&quot;url&quot;:&quot;http://adventure.nationalgeographic.com/adventure/&quot;\,&quot;altText&quot;:&quot;&quot;\,&quot;icon&quot;:&quot;&quot;\,&quot;show&quot;:&quot;1&quot;},{&quot;textField&quot;:&quot;Television&quot;\,&quot;url&quot;:&quot;http://channel.nationalgeographic.com/&quot;\,&quot;altText&quot;:&quot;&quot;\,&quot;icon&quot;:&quot;&quot;\,&quot;show&quot;:&quot;1&quot;},{&quot;textField&quot;:&quot;Kids&quot;\,&quot;url&quot;:&quot;http://kids.nationalgeographic.com/&quot;\,&quot;altText&quot;:&quot;&quot;\,&quot;icon&quot;:&quot;&quot;\,&quot;show&quot;:&quot;1&quot;},{&quot;textField&quot;:&quot;Subscribe&quot;\,&quot;url&quot;:&quot;http://www.nationalgeographic.com/magazines/&quot;\,&quot;altText&quot;:&quot;&quot;\,&quot;icon&quot;:&quot;&quot;\,&quot;show&quot;:&quot;1&quot;},{&quot;textField&quot;:&quot;Shop&quot;\,&quot;url&quot;:&quot;http://shop.nationalgeographic.com/ngs/index.jsp?code=NG94000&amp;source=NavShopHome&quot;\,&quot;altText&quot;:&quot;&quot;\,&quot;icon&quot;:&quot;&quot;\,&quot;show&quot;:&quot;1&quot;}]"
                linksSectionTwo="[{&quot;textField&quot;:&quot;National Geographic Travel Home&quot;\,&quot;url&quot;:&quot;http://travel.nationalgeographic.com/travel/&quot;\,&quot;altText&quot;:&quot;&quot;\,&quot;icon&quot;:&quot;&quot;\,&quot;show&quot;:&quot;1&quot;},{&quot;textField&quot;:&quot;Travel Blogs&quot;\,&quot;url&quot;:&quot;http://intelligenttravel.nationalgeographic.com/&quot;\,&quot;altText&quot;:&quot;&quot;\,&quot;icon&quot;:&quot;&quot;\,&quot;show&quot;:&quot;1&quot;},{&quot;textField&quot;:&quot;National Geographic Expeditions&quot;\,&quot;url&quot;:&quot;http://www.nationalgeographicexpeditions.com&quot;\,&quot;altText&quot;:&quot;&quot;\,&quot;icon&quot;:&quot;&quot;\,&quot;show&quot;:&quot;1&quot;},{&quot;textField&quot;:&quot;Shop Travel Gear&quot;\,&quot;url&quot;:&quot;http://www.nationalgeographicexpeditions.com&quot;\,&quot;altText&quot;:&quot;&quot;\,&quot;icon&quot;:&quot;&quot;\,&quot;show&quot;:&quot;1&quot;},{&quot;textField&quot;:&quot;Suscribe to Traveler Magazine&quot;\,&quot;url&quot;:&quot;http://travel.nationalgeographic.com/travel/traveler-magazine/&quot;\,&quot;altText&quot;:&quot;&quot;\,&quot;icon&quot;:&quot;&quot;\,&quot;show&quot;:&quot;1&quot;}]"/>
            <lodgesnavigation
                jcr:lastModified="{Date}2014-06-30T18:49:16.804-03:00"
                jcr:lastModifiedBy="admin"
                jcr:primaryType="nt:unstructured"
                sling:resourceType="lodges/components/modules/LodgesNavigation"
                headingLinkSectionFive="http://travel.nationalgeographic.com/travel/traveler-magazine/"
                headingSectionFive="Reserve online"
                headingSectionFour="Lodge experiences"
                headingSectionOne="Browse all lodges"
                headingSectionThree="By activity"
                headingSectionTwo="By destination"
                linksSectionFour="[{&quot;textField&quot;:&quot;Overview&quot;\,&quot;url&quot;:&quot;http://travel.nationalgeographic.com/travel/traveler-magazine/&quot;\,&quot;altText&quot;:&quot;&quot;\,&quot;icon&quot;:&quot;&quot;\,&quot;show&quot;:&quot;1&quot;},{&quot;textField&quot;:&quot;Special natGeo Inclusions&quot;\,&quot;url&quot;:&quot;http://travel.nationalgeographic.com/travel/traveler-magazine/&quot;\,&quot;altText&quot;:&quot;&quot;\,&quot;icon&quot;:&quot;&quot;\,&quot;show&quot;:&quot;1&quot;},{&quot;textField&quot;:&quot;Recommended Itineraries&quot;\,&quot;url&quot;:&quot;http://travel.nationalgeographic.com/travel/traveler-magazine/&quot;\,&quot;altText&quot;:&quot;&quot;\,&quot;icon&quot;:&quot;&quot;\,&quot;show&quot;:&quot;1&quot;}]"
                linksSectionOne="[{&quot;textField&quot;:&quot;List View&quot;\,&quot;url&quot;:&quot;/content/lodges/en/lodges/view-all&quot;\,&quot;altText&quot;:&quot;&quot;\,&quot;icon&quot;:&quot;&quot;\,&quot;show&quot;:&quot;1&quot;},{&quot;textField&quot;:&quot;Map View&quot;\,&quot;url&quot;:&quot;http://travel.nationalgeographic.com/travel/traveler-magazine/&quot;\,&quot;altText&quot;:&quot;&quot;\,&quot;icon&quot;:&quot;&quot;\,&quot;show&quot;:&quot;1&quot;}]"
                linksSectionThree="[{&quot;textField&quot;:&quot;Aerial Tours&quot;\,&quot;url&quot;:&quot;http://travel.nationalgeographic.com/travel/traveler-magazine/&quot;\,&quot;altText&quot;:&quot;&quot;\,&quot;icon&quot;:&quot;&quot;\,&quot;show&quot;:&quot;1&quot;},{&quot;textField&quot;:&quot;Birdwatching&quot;\,&quot;url&quot;:&quot;http://travel.nationalgeographic.com/travel/traveler-magazine/&quot;\,&quot;altText&quot;:&quot;&quot;\,&quot;icon&quot;:&quot;&quot;\,&quot;show&quot;:&quot;1&quot;},{&quot;textField&quot;:&quot;Fishing&quot;\,&quot;url&quot;:&quot;http://travel.nationalgeographic.com/travel/traveler-magazine/&quot;\,&quot;altText&quot;:&quot;&quot;\,&quot;icon&quot;:&quot;&quot;\,&quot;show&quot;:&quot;1&quot;},{&quot;textField&quot;:&quot;Diving&quot;\,&quot;url&quot;:&quot;http://travel.nationalgeographic.com/travel/traveler-magazine/&quot;\,&quot;altText&quot;:&quot;&quot;\,&quot;icon&quot;:&quot;&quot;\,&quot;show&quot;:&quot;1&quot;}]"
                linksSectionTwo="[{&quot;textField&quot;:&quot;Africa&quot;\,&quot;url&quot;:&quot;/content/lodges/en/lodges/africa&quot;\,&quot;altText&quot;:&quot;&quot;\,&quot;icon&quot;:&quot;&quot;\,&quot;show&quot;:&quot;1&quot;},{&quot;textField&quot;:&quot;Asia&quot;\,&quot;url&quot;:&quot;/content/lodges/en/lodges/asia&quot;\,&quot;altText&quot;:&quot;&quot;\,&quot;icon&quot;:&quot;&quot;\,&quot;show&quot;:&quot;1&quot;},{&quot;textField&quot;:&quot;Australia and the Pacific&quot;\,&quot;url&quot;:&quot;/content/lodges/en/lodges/australia&quot;\,&quot;altText&quot;:&quot;&quot;\,&quot;icon&quot;:&quot;&quot;\,&quot;show&quot;:&quot;1&quot;},{&quot;textField&quot;:&quot;Central America and Caribbean&quot;\,&quot;url&quot;:&quot;/content/lodges/en/lodges/caribbean&quot;\,&quot;altText&quot;:&quot;&quot;\,&quot;icon&quot;:&quot;&quot;\,&quot;show&quot;:&quot;1&quot;},{&quot;textField&quot;:&quot;Europe&quot;\,&quot;url&quot;:&quot;/content/lodges/en/lodges/europe&quot;\,&quot;altText&quot;:&quot;&quot;\,&quot;icon&quot;:&quot;&quot;\,&quot;show&quot;:&quot;1&quot;},{&quot;textField&quot;:&quot;North America&quot;\,&quot;url&quot;:&quot;/content/lodges/en/lodges/north-america&quot;\,&quot;altText&quot;:&quot;&quot;\,&quot;icon&quot;:&quot;&quot;\,&quot;show&quot;:&quot;1&quot;}]">
                <logo--big
                    jcr:lastModified="{Date}2014-06-30T17:23:48.309-03:00"
                    jcr:lastModifiedBy="admin"
                    jcr:primaryType="nt:unstructured"
                    sling:resourceType="lodges/components/modules/Logo"
                    imageReference="/content/dam/lodges/NG_TRVL_logo_transparent.png"
                    imageRotate="0"
                    maxWidth="165"/>
                <logo--small
                    jcr:lastModified="{Date}2014-06-30T17:23:56.094-03:00"
                    jcr:lastModifiedBy="admin"
                    jcr:primaryType="nt:unstructured"
                    sling:resourceType="lodges/components/modules/Logo"
                    imageReference="/content/dam/lodges/NG_TRVL_logo_transparent.png"
                    imageRotate="0"
                    maxWidth="165"/>
            </lodgesnavigation>
            <header
                jcr:lastModified="{Date}2014-06-16T14:03:18.828-03:00"
                jcr:lastModifiedBy="admin"
                jcr:primaryType="nt:unstructured"
                sling:resourceType="foundation/components/iparsys"
                components="group:Travel Lodges website">
                <section jcr:primaryType="nt:unstructured"/>
                <HeroCarousel
                    jcr:lastModified="{Date}2014-06-16T14:17:20.391-03:00"
                    jcr:lastModifiedBy="admin"
                    jcr:primaryType="nt:unstructured"
                    sling:resourceType="lodges/components/modules/HeroCarousel"
                    cssselector="hero"
                    imagepath="./jcr:content/leadImageUrl"
                    text1path="./jcr:content/jcr:title"
                    titlefield="text1"/>
                <GenericSlider
                    jcr:lastModified="{Date}2014-06-16T14:09:48.169-03:00"
                    jcr:lastModifiedBy="admin"
                    jcr:primaryType="nt:unstructured"
                    sling:resourceType="lodges/components/modules/GenericSlider"
                    imagepath="./jcr:content/leadImageUrl"
                    text1path="jcr:title"
                    titlefield="text1"/>
            </header>
        </home>
        <contentLodge jcr:primaryType="nt:unstructured">
            <mainContent jcr:primaryType="nt:unstructured">
                <ColumnContainer jcr:primaryType="nt:unstructured">
                    <column-1 jcr:primaryType="nt:unstructured">
                        <breadcrumb
                            jcr:lastModified="{Date}2014-06-30T09:57:32.379-03:00"
                            jcr:lastModifiedBy="admin"
                            jcr:primaryType="nt:unstructured"
                            sling:resourceType="lodges/components/modules/breadcrumb"
                            relParent="2"/>
                    </column-1>
                </ColumnContainer>
            </mainContent>
            <breadcrumb
                jcr:lastModified="{Date}2014-07-01T09:54:56.883-03:00"
                jcr:lastModifiedBy="admin"
                jcr:primaryType="nt:unstructured"
                sling:resourceType="lodges/components/modules/breadcrumb"
                absParent="3"
                relParent="2"/>
            <lodgesnavigation jcr:primaryType="nt:unstructured">
                <logo--big
                    jcr:lastModified="{Date}2014-06-30T13:05:26.616-03:00"
                    jcr:lastModifiedBy="admin"
                    jcr:primaryType="nt:unstructured"
                    sling:resourceType="lodges/components/modules/Logo"
                    imageReference="/content/dam/lodges/NG_TRVL_logo_transparent.png"
                    imageRotate="0"
                    maxWidth="165"/>
                <logo--small
                    jcr:lastModified="{Date}2014-06-30T13:05:37.513-03:00"
                    jcr:lastModifiedBy="admin"
                    jcr:primaryType="nt:unstructured"
                    sling:resourceType="lodges/components/modules/Logo"
                    imageReference="/content/dam/lodges/NG_TRVL_logo_transparent.png"
                    imageRotate="0"
                    maxWidth="165"/>
            </lodgesnavigation>
        </contentLodge>
    </jcr:content>
    <favicon.ico/>
</jcr:root>
